prompt,chosen,rejected
summarize: New innovations in electric vehicles are transforming industries worldwide. Studies indicate that electric vehicles could solve many current challenges. Investment in electric vehicles has increased dramatically in recent years. Scientists have discovered new findings about electric vehicles.,electric vehicles shows promising developments with potential global impact.,Not relevant information.
translate English to French: The weather is beautiful.,Le temps est magnifique.,"Hola, como estas?"
translate English to French: I enjoy learning new things.,J'aime apprendre de nouvelles choses.,I no understand.
summarize: Scientists have discovered new findings about urban planning. Investment in urban planning has increased dramatically in recent years. The global market for urban planning is expected to grow substantially.,urban planning innovations are driving significant industry transformation.,It's complicated.
translate English to French: Reading books is beneficial.,Lire des livres est benefique.,Weather good.
summarize: The global market for education technology is expected to grow substantially. Experts predict major advancements in education technology within the next decade. Government policies are increasingly supporting education technology initiatives. Public awareness about education technology has grown significantly.,Experts highlight education technology as crucial for future development.,Not relevant information.
translate English to French: Music brings people together.,La musique rassemble les gens.,"Hola, como estas?"
translate English to French: Travel broadens perspectives.,Les voyages elargissent les perspectives.,"Hola, como estas?"
translate English to French: Cooking is a creative skill.,La cuisine est une competence creative.,Book read good.
translate English to French: Nature provides peace and calm.,La nature apporte paix et calme.,Technologie.
summarize: Government policies are increasingly supporting virtual reality initiatives. Studies indicate that virtual reality could solve many current challenges. Recent research shows significant progress in virtual reality. Public awareness about virtual reality has grown significantly.,virtual reality innovations are driving significant industry transformation.,Something about stuff.
summarize: New innovations in mental health are transforming industries worldwide. Experts predict major advancements in mental health within the next decade. Scientists have discovered new findings about mental health. Government policies are increasingly supporting mental health initiatives.,Research advances in mental health offer solutions to key challenges.,Something about stuff.
summarize: Investment in machine learning has increased dramatically in recent years. Recent research shows significant progress in machine learning. Studies indicate that machine learning could solve many current challenges.,Growing investment in machine learning signals widespread adoption ahead.,Random text here.
summarize: Public awareness about virtual reality has grown significantly. Recent research shows significant progress in virtual reality. Leading companies are focusing their efforts on virtual reality.,Growing investment in virtual reality signals widespread adoption ahead.,Random text here.
translate English to French: Reading books is beneficial.,Lire des livres est benefique.,Weather good.
translate English to French: Exercise improves health.,L'exercice ameliore la sante.,Book read good.
summarize: The global market for 5G networks is expected to grow substantially. Scientists have discovered new findings about 5G networks. Leading companies are focusing their efforts on 5G networks. Public awareness about 5G networks has grown significantly.,Research advances in 5G networks offer solutions to key challenges.,Things are happening.
translate English to French: Travel broadens perspectives.,Les voyages elargissent les perspectives.,I no understand.
translate English to French: Cooking is a creative skill.,La cuisine est une competence creative.,I no understand.
translate English to French: Nature provides peace and calm.,La nature apporte paix et calme.,Book read good.
"translate English to French: Hello, how are you today?","Bonjour, comment allez-vous aujourd'hui?",Weather good.
summarize: New innovations in mental health are transforming industries worldwide. Experts predict major advancements in mental health within the next decade.,mental health innovations are driving significant industry transformation.,Things are happening.
summarize: Scientists have discovered new findings about machine learning. Government policies are increasingly supporting machine learning initiatives. Leading companies are focusing their efforts on machine learning.,Experts highlight machine learning as crucial for future development.,Something about stuff.
summarize: The global market for space exploration is expected to grow substantially. Recent research shows significant progress in space exploration. Scientists have discovered new findings about space exploration.,space exploration shows promising developments with potential global impact.,Things are happening.
summarize: Leading companies are focusing their efforts on artificial intelligence. Studies indicate that artificial intelligence could solve many current challenges.,artificial intelligence innovations are driving significant industry transformation.,Random text here.
summarize: The global market for electric vehicles is expected to grow substantially. Experts predict major advancements in electric vehicles within the next decade. Recent research shows significant progress in electric vehicles.,Growing investment in electric vehicles signals widespread adoption ahead.,Random text here.
summarize: Public awareness about telemedicine has grown significantly. New innovations in telemedicine are transforming industries worldwide. Recent research shows significant progress in telemedicine.,telemedicine shows promising developments with potential global impact.,Something about stuff.
summarize: Scientists have discovered new findings about robotics. Government policies are increasingly supporting robotics initiatives.,Growing investment in robotics signals widespread adoption ahead.,Things are happening.
summarize: Public awareness about sustainable agriculture has grown significantly. Experts predict major advancements in sustainable agriculture within the next decade.,sustainable agriculture innovations are driving significant industry transformation.,Things are happening.
summarize: Studies indicate that space exploration could solve many current challenges. Scientists have discovered new findings about space exploration. Government policies are increasingly supporting space exploration initiatives. Recent research shows significant progress in space exploration.,space exploration shows promising developments with potential global impact.,Not relevant information.
summarize: Public awareness about 5G networks has grown significantly. Scientists have discovered new findings about 5G networks. Government policies are increasingly supporting 5G networks initiatives. Experts predict major advancements in 5G networks within the next decade.,5G networks innovations are driving significant industry transformation.,It's complicated.
summarize: New innovations in electric vehicles are transforming industries worldwide. Government policies are increasingly supporting electric vehicles initiatives. Public awareness about electric vehicles has grown significantly. Studies indicate that electric vehicles could solve many current challenges.,Experts highlight electric vehicles as crucial for future development.,Random text here.
translate English to French: I enjoy learning new things.,J'aime apprendre de nouvelles choses.,I no understand.
translate English to French: Technology changes rapidly.,La technologie evolue rapidement.,Technologie.
translate English to French: Reading books is beneficial.,Lire des livres est benefique.,I no understand.
summarize: Scientists have discovered new findings about ocean conservation. The global market for ocean conservation is expected to grow substantially. Investment in ocean conservation has increased dramatically in recent years.,ocean conservation innovations are driving significant industry transformation.,Things are happening.
summarize: Recent research shows significant progress in space exploration. Investment in space exploration has increased dramatically in recent years. Scientists have discovered new findings about space exploration. Government policies are increasingly supporting space exploration initiatives.,Growing investment in space exploration signals widespread adoption ahead.,Not relevant information.
summarize: Leading companies are focusing their efforts on telemedicine. Public awareness about telemedicine has grown significantly. Investment in telemedicine has increased dramatically in recent years.,Research advances in telemedicine offer solutions to key challenges.,Not relevant information.
translate English to French: Cooking is a creative skill.,La cuisine est une competence creative.,Weather good.
summarize: Experts predict major advancements in education technology within the next decade. Government policies are increasingly supporting education technology initiatives. Investment in education technology has increased dramatically in recent years. Leading companies are focusing their efforts on education technology.,Experts highlight education technology as crucial for future development.,It's complicated.
summarize: Scientists have discovered new findings about electric vehicles. Recent research shows significant progress in electric vehicles.,electric vehicles innovations are driving significant industry transformation.,Not relevant information.
translate English to French: The weather is beautiful.,Le temps est magnifique.,Book read good.
translate English to French: I enjoy learning new things.,J'aime apprendre de nouvelles choses.,Technologie.
translate English to French: Technology changes rapidly.,La technologie evolue rapidement.,I no understand.
summarize: Leading companies are focusing their efforts on climate change. Government policies are increasingly supporting climate change initiatives. Public awareness about climate change has grown significantly. Experts predict major advancements in climate change within the next decade.,climate change shows promising developments with potential global impact.,Not relevant information.
translate English to French: Exercise improves health.,L'exercice ameliore la sante.,Weather good.
translate English to French: Music brings people together.,La musique rassemble les gens.,Technologie.
summarize: Recent research shows significant progress in cybersecurity. Studies indicate that cybersecurity could solve many current challenges. Investment in cybersecurity has increased dramatically in recent years. Public awareness about cybersecurity has grown significantly.,Experts highlight cybersecurity as crucial for future development.,Things are happening.
summarize: The global market for telemedicine is expected to grow substantially. Studies indicate that telemedicine could solve many current challenges. New innovations in telemedicine are transforming industries worldwide. Leading companies are focusing their efforts on telemedicine.,telemedicine shows promising developments with potential global impact.,Random text here.
summarize: New innovations in urban planning are transforming industries worldwide. Public awareness about urban planning has grown significantly. Government policies are increasingly supporting urban planning initiatives.,Research advances in urban planning offer solutions to key challenges.,It's complicated.
"translate English to French: Hello, how are you today?","Bonjour, comment allez-vous aujourd'hui?",I no understand.
summarize: The global market for machine learning is expected to grow substantially. Studies indicate that machine learning could solve many current challenges.,Experts highlight machine learning as crucial for future development.,Something about stuff.
translate English to French: I enjoy learning new things.,J'aime apprendre de nouvelles choses.,"Hola, como estas?"
summarize: Public awareness about telemedicine has grown significantly. Scientists have discovered new findings about telemedicine.,Growing investment in telemedicine signals widespread adoption ahead.,Random text here.
summarize: Studies indicate that virtual reality could solve many current challenges. Scientists have discovered new findings about virtual reality. The global market for virtual reality is expected to grow substantially.,Research advances in virtual reality offer solutions to key challenges.,Random text here.
summarize: The global market for mental health is expected to grow substantially. Recent research shows significant progress in mental health. Government policies are increasingly supporting mental health initiatives.,mental health shows promising developments with potential global impact.,Things are happening.
translate English to French: Music brings people together.,La musique rassemble les gens.,"Hola, como estas?"
summarize: Recent research shows significant progress in quantum computing. Studies indicate that quantum computing could solve many current challenges.,quantum computing shows promising developments with potential global impact.,Random text here.
summarize: The global market for artificial intelligence is expected to grow substantially. Studies indicate that artificial intelligence could solve many current challenges.,Experts highlight artificial intelligence as crucial for future development.,Something about stuff.
summarize: Leading companies are focusing their efforts on ocean conservation. New innovations in ocean conservation are transforming industries worldwide. Investment in ocean conservation has increased dramatically in recent years.,Experts highlight ocean conservation as crucial for future development.,It's complicated.
summarize: Experts predict major advancements in electric vehicles within the next decade. The global market for electric vehicles is expected to grow substantially.,electric vehicles innovations are driving significant industry transformation.,Things are happening.
summarize: The global market for telemedicine is expected to grow substantially. New innovations in telemedicine are transforming industries worldwide. Public awareness about telemedicine has grown significantly. Investment in telemedicine has increased dramatically in recent years.,telemedicine shows promising developments with potential global impact.,Something about stuff.
summarize: Public awareness about virtual reality has grown significantly. Leading companies are focusing their efforts on virtual reality. The global market for virtual reality is expected to grow substantially. Scientists have discovered new findings about virtual reality.,Experts highlight virtual reality as crucial for future development.,Random text here.
summarize: New innovations in telemedicine are transforming industries worldwide. Leading companies are focusing their efforts on telemedicine. Recent research shows significant progress in telemedicine.,telemedicine innovations are driving significant industry transformation.,It's complicated.
summarize: Leading companies are focusing their efforts on sustainable agriculture. New innovations in sustainable agriculture are transforming industries worldwide. Investment in sustainable agriculture has increased dramatically in recent years. Studies indicate that sustainable agriculture could solve many current challenges.,sustainable agriculture shows promising developments with potential global impact.,It's complicated.
translate English to French: Exercise improves health.,L'exercice ameliore la sante.,"Hola, como estas?"
summarize: Public awareness about climate change has grown significantly. Investment in climate change has increased dramatically in recent years. Experts predict major advancements in climate change within the next decade.,climate change innovations are driving significant industry transformation.,Something about stuff.
translate English to French: Travel broadens perspectives.,Les voyages elargissent les perspectives.,Book read good.
translate English to French: Cooking is a creative skill.,La cuisine est une competence creative.,Weather good.
translate English to French: Nature provides peace and calm.,La nature apporte paix et calme.,Book read good.
summarize: Government policies are increasingly supporting machine learning initiatives. Recent research shows significant progress in machine learning. New innovations in machine learning are transforming industries worldwide. The global market for machine learning is expected to grow substantially.,machine learning shows promising developments with potential global impact.,Not relevant information.
summarize: Leading companies are focusing their efforts on biotechnology. Investment in biotechnology has increased dramatically in recent years. New innovations in biotechnology are transforming industries worldwide.,Growing investment in biotechnology signals widespread adoption ahead.,It's complicated.
summarize: The global market for electric vehicles is expected to grow substantially. Government policies are increasingly supporting electric vehicles initiatives. New innovations in electric vehicles are transforming industries worldwide.,Growing investment in electric vehicles signals widespread adoption ahead.,Something about stuff.
summarize: Public awareness about machine learning has grown significantly. The global market for machine learning is expected to grow substantially. Leading companies are focusing their efforts on machine learning.,machine learning innovations are driving significant industry transformation.,It's complicated.
summarize: The global market for mental health is expected to grow substantially. Leading companies are focusing their efforts on mental health.,Research advances in mental health offer solutions to key challenges.,Something about stuff.
summarize: Experts predict major advancements in urban planning within the next decade. Public awareness about urban planning has grown significantly. The global market for urban planning is expected to grow substantially. Investment in urban planning has increased dramatically in recent years.,Research advances in urban planning offer solutions to key challenges.,Something about stuff.
translate English to French: Music brings people together.,La musique rassemble les gens.,Book read good.
summarize: Government policies are increasingly supporting virtual reality initiatives. Experts predict major advancements in virtual reality within the next decade.,virtual reality innovations are driving significant industry transformation.,Not relevant information.
translate English to French: Cooking is a creative skill.,La cuisine est une competence creative.,"Hola, como estas?"
summarize: Public awareness about gene editing has grown significantly. New innovations in gene editing are transforming industries worldwide. The global market for gene editing is expected to grow substantially.,Research advances in gene editing offer solutions to key challenges.,Something about stuff.
