source_text,target_text
"summarize: Artificial intelligence is revolutionizing healthcare by enabling faster diagnosis, personalized treatment plans, and drug discovery. Machine learning algorithms can analyze medical images with remarkable accuracy, often matching or exceeding human experts.","AI transforms healthcare through faster diagnosis and personalized treatments."
"summarize: Climate change poses significant challenges to global food security. Rising temperatures, changing precipitation patterns, and extreme weather events threaten crop yields worldwide. Scientists are developing drought-resistant varieties to address these concerns.","Climate change threatens food security through extreme weather affecting crops."
"summarize: The electric vehicle market has grown exponentially in recent years. Major automakers are investing billions in EV technology, and governments worldwide are offering incentives to accelerate adoption. Battery technology improvements continue to extend driving range.","EV market grows rapidly with major investments and improving battery technology."
"translate English to French: The conference will be held next Monday.","La conference aura lieu lundi prochain."
"translate English to French: Please send me the report by Friday.","Veuillez m'envoyer le rapport d'ici vendredi."
"translate English to French: The project was completed successfully.","Le projet a ete complete avec succes."
"summarize: Quantum computing represents a paradigm shift in computational capability. Unlike classical computers that use bits, quantum computers use qubits that can exist in multiple states simultaneously. This enables solving complex problems that would take traditional computers thousands of years.","Quantum computing uses qubits to solve problems impossible for classical computers."
"summarize: Remote work has transformed the modern workplace. Companies are adopting hybrid models that combine office and home-based work. This shift has led to increased productivity for many workers while reducing commuting time and environmental impact.","Remote work transforms workplaces with hybrid models improving productivity."
"translate English to French: We need to schedule a meeting.","Nous devons planifier une reunion."
"translate English to French: The customer is very satisfied.","Le client est tres satisfait."
"summarize: Renewable energy sources like solar and wind power are becoming increasingly cost-competitive with fossil fuels. Global investments in clean energy reached record levels last year, driven by both environmental concerns and economic opportunities.","Renewable energy becomes cost-competitive with record global investments."
"summarize: Cybersecurity threats continue to evolve as organizations become more digitally connected. Ransomware attacks have increased dramatically, targeting both private companies and public institutions. Experts recommend multi-layered security approaches.","Cybersecurity threats evolve with increasing ransomware requiring layered defenses."
"translate English to French: Innovation drives business growth.","L'innovation stimule la croissance des entreprises."
"translate English to French: Quality is our top priority.","La qualite est notre priorite absolue."
"summarize: Space exploration has entered a new era with private companies playing increasingly important roles. Reusable rocket technology has dramatically reduced launch costs, opening new possibilities for satellite deployment, space tourism, and eventual Mars colonization.","Private companies transform space exploration with reusable rockets reducing costs."
"summarize: Machine learning is transforming financial services through fraud detection, algorithmic trading, and personalized banking experiences. Banks are investing heavily in AI capabilities to improve customer service and operational efficiency.","ML transforms finance through fraud detection and personalized banking services."
"translate English to French: Data analysis reveals important trends.","L'analyse des donnees revele des tendances importantes."
"translate English to French: Collaboration leads to better results.","La collaboration mene a de meilleurs resultats."
"summarize: The global semiconductor shortage has disrupted multiple industries from automotive to consumer electronics. Supply chain vulnerabilities exposed during the pandemic have prompted governments to invest in domestic chip manufacturing capabilities.","Semiconductor shortage disrupts industries, prompting domestic manufacturing investments."
"summarize: Biodiversity loss threatens ecosystem stability and human wellbeing. Conservation efforts are expanding to protect endangered species and restore degraded habitats. Scientists emphasize the interconnection between biodiversity and climate resilience.","Biodiversity loss threatens ecosystems; conservation efforts expand to protect species."
"translate English to French: Sustainability is essential for future success.","La durabilite est essentielle pour le succes futur."
"translate English to French: Technology enables new possibilities.","La technologie permet de nouvelles possibilites."
"summarize: Telemedicine has seen unprecedented adoption following the global pandemic. Virtual consultations provide convenient access to healthcare, particularly for rural communities. However, challenges remain in ensuring equitable access and maintaining quality of care.","Telemedicine adoption surges post-pandemic, improving healthcare access with challenges."
"summarize: 5G networks promise to enable new applications from autonomous vehicles to smart cities. The increased bandwidth and reduced latency will support billions of connected devices, transforming how we live and work.","5G enables autonomous vehicles and smart cities with faster connectivity."
"translate English to French: Research and development is crucial.","La recherche et le developpement sont cruciaux."
"translate English to French: Customer feedback improves our services.","Les commentaires des clients ameliorent nos services."
"summarize: Gene editing technologies like CRISPR offer revolutionary potential for treating genetic diseases. Clinical trials are underway for conditions previously considered incurable. Ethical discussions continue about the appropriate boundaries for genetic modification.","CRISPR gene editing shows promise for treating genetic diseases in trials."
"summarize: Urban planning is evolving to create more sustainable and livable cities. Green spaces, public transportation, and mixed-use developments are priorities for city planners worldwide. Smart city technologies enable better resource management.","Urban planning evolves toward sustainable cities with green spaces and smart tech."
"translate English to French: Education transforms lives.","L'education transforme les vies."
"translate English to French: Health is the greatest wealth.","La sante est la plus grande richesse."
"summarize: The gig economy continues to reshape employment patterns globally. Freelance and contract work offers flexibility but raises questions about worker protections and benefits. Policymakers are debating how to regulate this evolving sector.","Gig economy reshapes work with flexibility but raises protection concerns."
"summarize: Ocean conservation efforts are intensifying as marine ecosystems face multiple threats. Plastic pollution, overfishing, and ocean acidification require coordinated international action. Marine protected areas are expanding worldwide.","Ocean conservation intensifies against pollution and overfishing threats globally."
"translate English to French: Knowledge is power.","Le savoir est le pouvoir."
"translate English to French: Practice makes perfect.","C'est en forgeant qu'on devient forgeron."
"summarize: Blockchain technology extends beyond cryptocurrency to supply chain management, digital identity, and voting systems. Enterprises are exploring private blockchain networks for secure, transparent record-keeping across business processes.","Blockchain extends beyond crypto to supply chains and identity management."
"summarize: Mental health awareness has increased significantly in recent years. Organizations are implementing wellness programs and reducing stigma around seeking help. Access to mental health services remains a challenge in many regions.","Mental health awareness grows with workplace wellness programs expanding access."
"translate English to French: Time is a precious resource.","Le temps est une ressource precieuse."
"translate English to French: Actions speak louder than words.","Les actes parlent plus fort que les mots."
"summarize: Agricultural technology is helping farmers increase yields while reducing environmental impact. Precision farming uses sensors and data analytics to optimize irrigation, fertilization, and pest management. Vertical farming offers new possibilities for urban food production.","AgTech helps farmers increase yields with precision farming and vertical farms."
"summarize: Virtual reality is finding applications beyond gaming in education, healthcare, and professional training. Immersive experiences enable learning and skill development in safe, controlled environments. Hardware costs are decreasing, expanding accessibility.","VR expands beyond gaming into education and healthcare training applications."
"translate English to French: Learning never stops.","L'apprentissage ne s'arrete jamais."
"translate English to French: Together we achieve more.","Ensemble nous accomplissons davantage."
"summarize: The future of transportation includes autonomous vehicles, electric aviation, and hyperloop systems. Cities are redesigning infrastructure to accommodate new mobility options while reducing carbon emissions from the transportation sector.","Future transport includes autonomous vehicles and electric aviation reducing emissions."
"summarize: Digital transformation is a priority for organizations across all sectors. Legacy systems are being replaced with cloud-based solutions that enable greater agility and scalability. Change management remains a critical success factor.","Digital transformation prioritizes cloud solutions for organizational agility."
"translate English to French: Excellence requires dedication.","L'excellence requiert du devouement."
"translate English to French: Innovation creates opportunities.","L'innovation cree des opportunites."
"summarize: Personalized medicine is advancing through genomic analysis and targeted therapies. Treatments can now be tailored to individual genetic profiles, improving outcomes for cancer and other diseases. Cost and accessibility challenges remain.","Personalized medicine advances with genomic analysis improving targeted treatments."
"summarize: The circular economy model aims to eliminate waste through better design, reuse, and recycling. Companies are rethinking product lifecycles to reduce environmental impact while creating new business opportunities from waste streams.","Circular economy eliminates waste through design, reuse, and recycling innovation."
"translate English to French: Respect builds trust.","Le respect construit la confiance."
"translate English to French: Perseverance leads to success.","La perseverance mene au succes."
"summarize: Augmented reality enhances real-world experiences with digital information overlays. Applications range from industrial maintenance to retail shopping experiences. AR glasses are becoming more practical for everyday use.","AR enhances experiences with digital overlays in industry and retail."
"summarize: Water scarcity affects billions of people worldwide and is expected to worsen with climate change. Desalination, water recycling, and efficient irrigation are key strategies for ensuring water security in affected regions.","Water scarcity worsens globally; desalination and recycling provide solutions."
"translate English to French: Communication is key to understanding.","La communication est la cle de la comprehension."
"translate English to French: Every challenge is an opportunity.","Chaque defi est une opportunite."
"summarize: The creator economy has exploded with platforms enabling individuals to monetize content and build audiences. Social media influencers and independent creators are reshaping marketing and entertainment industries.","Creator economy grows as platforms enable content monetization and audience building."
"summarize: Edge computing brings data processing closer to where it is generated, reducing latency and bandwidth requirements. This approach is essential for IoT applications, autonomous systems, and real-time analytics.","Edge computing reduces latency by processing data closer to its source."
"translate English to French: Creativity fuels progress.","La creativite alimente le progres."
"translate English to French: Teamwork makes dreams work.","Le travail d'equipe realise les reves."
"summarize: Nuclear fusion research is making progress toward clean, abundant energy. Recent experiments have achieved significant milestones in plasma containment and energy output. Commercial fusion power plants remain decades away but offer transformative potential.","Nuclear fusion research advances toward clean abundant energy goals."
"summarize: Natural language processing enables computers to understand and generate human language. Applications include chatbots, translation, sentiment analysis, and document summarization. Large language models continue to improve capabilities.","NLP enables computers to understand language for chatbots and translation."
